prompt	expected	flm	runlist	dense	flm_ok	rl_ok	dense_ok	ids	rl_toks	dense_toks	flm_ans	rl_ans	dense_ans
The capital of France is	paris	The capital of France is **Paris**.	 Okay, the user is asking about the capital of France. Let me start by recalling the basic information. France's capital is Paris. I should confirm that there's no confusion with other countries. Maybe check if there are any other major cities with similar names. No, Paris is the capital. Also, make sure to mention that it's a city in France. Keep the answer straightforward and clear.   The capital of France is **Paris**. 	 Okay, the user is asking for the capital of France. Hmm, but maybe I should start by making sure I'm on the right track. Wait, the user wrote \The capital of France is...\ but maybe there's a typo there. Let me check again. Oh, right\\\ The original question is probably missing a period. So, the correct sentence should be: \The capital of France is Paris, France.\ That makes sense. I should correct that and add the period to be clear. Also, maybe add an exclamation mark for emphasis if needed. But since they included a period, I should respond with a. 	Y	Y	Y	17	94	129	Y	Y	Y
The capital of Japan is	tokyo	The capital of Japan is Tokyo.	 Okay, the user is asking about the capital of Japan. Let me start by confirming the correct answer. Japan's capital is Tokyo. I should make sure there are no typos or misunderstandings. Maybe check if there's any other city that's commonly known as the capital. No, Tokyo is the main one. Also, verify with reliable sources. Alright, the answer is clear. No need to explain further. Just state the capital.   The capital of Japan is **Tokyo**. 	 Okay, the user is asking where the capital of Japan is. Hmm, that's a good question. I remember that Japan isn't a big country, so its capital isn't that obvious. Wait, but I've heard that the capital is Tokyo. Let me make sure. Oh, right, the capital city is Tokyo. But maybe I should double-check. Oh, right, the user might be confused because sometimes capitals are tricky. Also, maybe there's a common mistake here. Let me make sure there's no other capital. No, Tokyo is definitely the correct answer. Alright, got it.   The correct- 	Y	Y	Y	17	104	129	Y	Y	Y
The capital of Italy is	rome	The capital of Italy is Rome.	 Okay, the user is asking about the capital of Italy. Let me start by recalling the information. Italy's capital is Rome. I should confirm that Rome is indeed the capital. Sometimes there might be confusion with other countries, like the capital of France, which is Paris. But Rome is definitely the capital of Italy. I need to make sure there's no other city that's commonly known as the capital. Let me think... No, the capital is always Rome. So the answer should be Rome. I should also mention that if there's any other city with the same title, but I don't think that's the case 	 Okay, the user is asking for the capital of Italy. Let me break this down. First of all, I need to make sure I'm not getting confused between the Italian Republic and the city of Venice. Wait, the user wrote \capital of Italy\ but then immediately wrote about Venice. That might be a typo or a mistake. But since I don't have real-time access to external information, maybe I should clarify.  Ven, the capital of Italy is Rome. But since the user wrote about Venice, maybe I should check if there's a mix-up. However, given that the user's question is about the capital0 	Y	Y	Y	17	128	129	Y	Y	Y
The capital of Spain is	madrid	The capital of Spain is Madrid.	 Okay, the user is asking about the capital of Spain. Let me think. Spain's capital is Madrid. I should confirm that. Wait, sometimes there might be some confusion with other countries. Madrid is definitely the capital. No other cities have that status. So the answer should be Madrid. Let me make sure there's no other city. Yeah, I think that's right. Alright, the response is straightforward.   The capital of Spain is **Madrid**. 	 Okay, the user is asking for the capital of Spain. Alright, let's see. I need to provide the correct answer here. First off, I know that the capital of Spain is Madrid. But wait, maybe I should break this down a bit to make sure. Where exactly is Madrid located? It's in southern Spain, right? And I think that's where the capital city is. But why is that the case? Maybe I should check a bit more. Oh, right—the capital city is actually Madrid. So, the answer is Madrid. But just to make sure there's no trick here. No, that0 	Y	Y	Y	17	99	129	Y	Y	Y
The opposite of hot is	cold	The opposite of "hot" is **cold**.	 Okay, the user is asking about the opposite of \hot.\ Let me start by understanding what exactly they're looking for. The word \hot\ can mean either hot weather or hot feelings. So, the opposite of hot weather would be cold or chilly. For feelings, the opposite might be cold or negative emotions like sadness or loneliness.  Wait, but sometimes people might confuse the opposite of \hot\ with the opposite of \cold.\ So maybe they're thinking of a different answer. Let me verify. The word \hot\ can have multiple meanings. The opposite of hot weather is definitely cold. The opposite of hot feelings 	 Okay, the user is asking what is the opposite of \hot\ is. Hmm, let me start by breaking this down. The word \hot\ has a pretty direct opposite. In most cases, the opposite of \hot\ would be \cold.\ But wait, maybe there are some other contexts where it doesn't exactly have a direct opposite. For example, in some languages or specific fields, maybe there's a nuance.  Also, sometimes people might confuse \hot\ with something else. Like, maybe in a non-idiomatic way, but I don't think that's the case here. The user is- 	Y	Y	Y	18	128	129	Y	Y	Y
The opposite of up is	down	The opposite of "up" is **down**.	 Okay, the user is asking about the opposite of \up.\ Let me start by understanding what \up\ means. In everyday language, \up\ can mean to be in the air, like \up in the air.\ But in a more abstract sense, like in a game or a concept, sometimes \up\ refers to being in a position or state. However, the question is about the opposite of \up.\First, I need to figure out what the user is referring to. Are they asking about the opposite of the action of \up\ in a game, like in \Up?\ Or are they asking 	 Okay, the user is asking for the opposite of \up.\ Let me start by thinking about how I would typically respond. Usually, when I see a question mark, I check the user's intent. Since they just said \the opposite of up,\ I need to figure out what they're really asking for here.  First, I should break this down. The word \up\ can mean a lot—like moving up, being up in something, or being on top. So the opposite of \up\ would be something that is not in the direction of moving up. That makes me think of things like down, back/ 	Y	N	Y	18	128	129	Y	N	Y
The opposite of day is	night	The opposite of "day" is not a real concept. However, if you're referring to something related to time or daily activities, the opposite would be "night." Let me know if you have a specific context! 😊	 Okay, the user is asking about the opposite of \day.\ Let me think about this. First, I need to understand what exactly they're looking for. The word \day\ can refer to a period of time or a natural occurrence. But the question is about the opposite of \day.\So, the opposite of a day could be something related to the concept of time. Like \night\ or \duration.\ But sometimes people might confuse \day\ with \daytime.\ Let me verify. The opposite of \day\ in terms of time is \night.\ However, sometimes people might think of \daytime 	 Okay, the user is asking what is the opposite of \day.\ Let me start by recalling the English word \day.\ In English, the opposite of \day\ is usually \night.\ But wait, maybe there's something else? Sometimes in some contexts, like in a timeline or sequence, the opposite could refer to the next event. But in most basic English usage, \day\ is used to mean the same thing as \day.\ So the answer should be \night.\  The opposite of \day\ is **\night.\**  In the most straightforward and everyday sense, \day\ is used to- 	Y	Y	Y	18	128	129	Y	Y	Y
Water is made of hydrogen and	oxygen	Water is made up of hydrogen and oxygen.	 Okay, the user is asking about what water is made of. Let me start by recalling the basic composition. Water is composed of hydrogen and oxygen. I should confirm that this is the case. Hydrogen has one proton and oxygen has two. When they combine, they form water molecules. I need to make sure the answer is clear and accurate. Let me check if there's any other element involved. No, only hydrogen and oxygen. Alright, the answer should be straightforward. Let me structure it step by step so the user understands the process. Also, maybe mention the molecular structure to explain how it forms. That should cover 	 Okay, the user is asking what water is made of. Let me start by recalling what I know. Water is made of hydrogen and oxygen, right? But wait, maybe I should double-check that. Wait, no, actually, water is made of hydrogen and oxygen. But sometimes I might have confused it with something else. Hmm.  Wait, hydrogen and oxygen. So, when you look at water, it's made of hydrogen and oxygen. But maybe the question is a trick. Because water is made of hydrogen and oxygen. So the answer is hydrogen and oxygen. But maybe I should break it down. Hydrogen and- 	Y	Y	Y	20	128	129	Y	Y	Y
2 + 2 =	4	2 + 2 = 4。	 Okay, the user is asking \2 + 2 = \ and I need to figure out the answer. Let me think. The question is straightforward: adding 2 and 2. So, 2 plus 2.   First, I should check if there's any trick or anything. Like, maybe some people think of something else? But no, the question is just a simple addition. If it's a math problem, the answer should be 4.   Wait, maybe the user is confused or has a visual representation? Like, if there's a picture or something? But since the user hasn't provided 	   Okay, let's see. The user is asking, \2 + 2 = \ But they didn't write it out. Alright, so I need to figure this out. Hmm, the user is probably expecting a mathematical expression or a calculation here. Wait, maybe they just made a typo? Let me check the original question again. Oh, right\\\ It's just a typo for \2 + 2 = 4\ Because 2 plus 2 equals 4. So the actual question is 2 + 2. But why is the user writing that out? Maybe they wanted to show0 	Y	Y	Y	15	128	129	Y	Y	Y
3 + 4 =	7	3 + 4 = 7	 Okay, the user is asking \3 + 4 = \ and I need to figure out the answer. Let me think. The question is straightforward: adding 3 and 4. So, 3 plus 4. Let me do the calculation. 3 plus 4 is 7. So the answer should be 7. Wait, but maybe the user is expecting a visual answer or something else? Like a picture? No, the question is just a simple math problem. So the answer is 7. I should present the answer clearly. Let me check again. 3 + 4. Yep, 	 Okay, let's see. The user is asking for the result of 3 + 4. Hmm, that's a simple math problem, right? Well, adding two numbers together. So, 3 plus 4. Let me think. When you have two numbers that are the same, like this one, you just add them. So, 3 plus 4 is... 7? Wait, is there anything else I'm missing here? Maybe there's a trick here. Like, could it be a different number? But no, the question is straightforward. The answer is 7. Alright, got it0 	Y	Y	Y	15	128	129	Y	Y	Y
How many days are in a week?	7	A week has **7 days**.	 Okay, the user is asking how many days are in a week. Let me think. I know that a week is typically 7 days. But sometimes people might confuse it with a week in a different context, like a calendar cycle. Wait, no, the standard answer is 7. Let me verify. Yes, a week is defined as seven days. So the answer should be 7. I should make sure there's no confusion with other terms like a week in a month or a year. No, the question is straightforward. The answer is 7. Alright, that's it.   A week consists 	 Okay, the user is asking how many days are in a week. Hmm, I need to figure this out. Let's see, a week is defined as 7 days, right? So, maybe they're just asking the obvious question. But wait, maybe there's a twist here. Like, is the question actually phrased in a tricky way? Because if the question is straightforward, the answer is 7. But maybe the user is confused or trying to check the definition. I should make sure to explain that a week is 7 days, but also clarify that depending on the context, like leap years or0 	Y	Y	Y	22	128	129	Y	Y	Y
How many minutes are in an hour?	60	An hour is equal to **60 minutes**.	 Okay, the user is asking how many minutes are in an hour. Let me think about this. I know that an hour is divided into 60 minutes. But wait, sometimes people might confuse hours and minutes. Let me make sure there's no confusion here.   First, I should confirm the units. An hour is a time unit, and a minute is a shorter unit. So, an hour has 60 minutes. That seems straightforward.   But maybe the user is thinking about something else. Like, is there a case where an hour is measured in minutes? No, that doesn't make sense. Hours 	 Okay, let's see. The user is asking, how many minutes are in an hour. Hmm, that seems pretty straightforward. Wait, but maybe I should break it down. Normally, an hour has 60 minutes. But maybe the question is a play on words? Like, if you say 'hour' as a word, maybe there's a twist. But no, that doesn't make sense. Let me think. In terms of time measurement, an hour is a unit of time. So, if you have an hour, how many minutes? That's 60 minutes. So the answer should be - 	Y	Y	Y	22	128	129	Y	Y	Y
The color of the sky on a clear day is	blue	On a clear day, the sky appears to be **blue**. The color is called the **blue color of the sky**. This is due to the way light travels through the atmosphere.	 Okay, the user is asking about the color of the sky on a clear day. Let me start by recalling what I know. The sky's color on a clear day is usually blue. But wait, why is that? I think it's because the Earth's atmosphere allows sunlight to pass through. So when sunlight hits the atmosphere, it's scattered, making the sky appear blue. But I should double-check this. Are there any other colors? Like green or red? No, I think blue is the main one. Maybe some people get a different color if there's something wrong with their eyes, like nearsightedness 	 Okay, the user is asking what the color of the sky on a clear day is. Hmm, that's a good question. I know that the sky on a clear day is indeed a deep靛 blue. But wait, maybe I should break this down. Let me think... On a clear day, the sky is filled with a deep靛 blue. But I need to make sure I got that right. Wait, is it actually a deep靛 blue? Because sometimes people might say \deep blue\ but maybe there's a nuance here. Also, maybe the user is thinking of a different color? Like maybe a different- 	Y	Y	Y	27	128	129	Y	Y	Y
A baby cat is called a	kitten	A baby cat is called a kitten.	 Okay, the user is asking about a baby cat's name. Let me start by understanding the context. They might be curious about the name a baby cat is called, or perhaps they're looking for a playful response. First, I should consider common names for kittens. Common ones include \Poo\ or \Puff.\ But maybe they want more options. Also, sometimes people use names that sound like their own, like \Momo\ or \Luna.\ I should list these names and maybe explain why they're chosen. It's important to be friendly and helpful. Let me make sure the names are easy to 	 Okay, the user is asking a bit of a word play question here. They want to know what a baby cat is called. Let me think. First, I need to make sure I understand the question correctly. The user is probably pointing out a common phrase or term that's being used incorrectly. In this case, the phrase is \A baby cat is called a...\ which is a bit of a riddle or a play on words.  So, the user is probably pointing out that the phrase \A baby cat is called a...\ is being used incorrectly. The actual phrase might be missing a part. Let me break this0 	Y	Y	N	19	128	129	Y	Y	N
A baby dog is called a	puppy	A baby dog is called a **puppy**.	 Okay, the user is asking \A baby dog is called a...\ and I need to figure out the answer. Let me start by thinking about the question. The user is probably asking what the term is for a baby dog. The answer is \puppy.\ But wait, sometimes people call them by their names. Let me confirm. Yes, puppies are the common term. So the answer should be \puppy.\ I should make sure there's no confusion with other terms like \baby\ or \litter.\ The user might be confused between \baby\ and \puppy.\ So the correct answer is \p 	 Okay, the user is asking, \A baby  dog is called a?\ Hmm, but maybe I need to check the exact question. Wait, maybe there's a typo here. Let me think. Oh, right\\\ The user wrote \baby\ in the question. So, actually, the question is, \What is a baby dog called?\ And the original question is missing a period. So the correct question would be, \What is a baby dog called?\ And the answer would be... Hmm, but since I don't have the actual answer, maybe I should just respond that the question is missing a period.0 	Y	Y	N	19	128	129	Y	Y	N
The largest planet in the solar system is	jupiter	The largest planet in the solar system is **Saturn**. 🌟	 Okay, the user is asking which planet is the largest in the solar system. Let me think. The planets are divided into eight. The largest one is Jupiter. Wait, I remember that Jupiter is the largest. But wait, sometimes people confuse it with the Moon. No, the Moon is a natural satellite. So the answer should be Jupiter. Let me double-check. Yes, Jupiter is the largest. So the answer is Jupiter.   The largest planet in the solar system is **Jupiter**. 	  Okay, let's see. The user is asking about the largest planet in the solar system. Hmm, where to start. First of all, I need to make sure I'm not confusing this with something else. Wait, the question is a bit ambiguous. Are they referring to the largest planet in our solar system, or maybe a different one? Because the question is probably meant to be straightforward.  In our solar solar system, the four major planets that come after the third planet, which is Pluto, are Mercury, Venus, etc. But the largest planet in our solar system is... Hmm, I think the answer. 	N	Y	N	25	106	129	N	Y	N
The chemical symbol for gold is	au	The chemical symbol for gold is **Au**.	 Okay, the user is asking for the chemical symbol of gold. Let me think. I remember that gold is symbolized as Au. But wait, let me make sure. I've heard that the correct symbol is indeed Au. No, I don't think there's any mistake here. Gold is the element with the symbol Au. So the answer should be Au. I don't see any other possibilities here. The user might be a student or someone learning about chemistry, so confirming the symbol is crucial. No need to double-check anything else. Just answer with Au.   The chemical symbol for gold is **Au** 	  The 1.chemical  symbol  for  gold  is  Au.   The 1.chemical  symbol  for  gold  is  Au.   The 1.chemical  symbol  for  gold  is  Au. 0 	Y	Y	Y	19	128	62	Y	Y	Y
The first month of the year is	january	The first month of the year is **January**.	 Okay, the user is asking about the first month of the year. Let me think about how to approach this.  First, I should confirm the question. The user might be asking about the start of the year, like when the calendar starts. The answer should be straightforward. The first month of the year is typically January. But maybe I should consider if there's any possibility of confusion. For example, some people might think of the first month of a calendar year, which is January. However, sometimes people might confuse the first month of a calendar year with the first month of a specific time period, like the first month of 	 Okay, the user is asking where to get help for the first month of the year. Hmm, maybe I should break this down. First, I need to figure out the exact question. Is it asking where to get help for the first month of the year? Or maybe it's a typo or misunderstanding.  Wait, maybe they meant something else. Let me check again. Oh, right\\\ The user wrote \The first month of the year is...\ but maybe that's a mistake. Perhaps they meant to ask something else. But since I don't have access to external info, I should proceed with the best of my knowledge2 	Y	Y	N	21	128	129	Y	Y	N
The opposite of black is	white	The opposite of "black" is **white**.	 Okay, the user is asking about the opposite of \black.\ Let me think. First, I need to figure out what the question is asking. The word \opposite\ here refers to the concept of the opposite of a color. So, the answer should be something like \white\ because black and white are the most common opposites in this context.  Wait, but sometimes people might confuse colors. For example, if someone says \the opposite of red is green,\ that's correct. So, the opposite of black is definitely white. Let me make sure there's no other possibility. Are there any other colors that 	 Okay, the user is asking what the opposite of \black\ is. Hmm, let me think. Well, opposite words to anything usually mean the thing that's the opposite. So, like, if the question is \What is the opposite of black?\ the answer would be something like \white\ or maybe \gray\ But wait, maybe there are more? Like, maybe there's a word that's the opposite of something else. But the user just said \black\ so the opposite is probably \white\Wait, but maybe I should double-check. Because sometimes when you think of opposites, there can be4 	Y	Y	Y	18	128	129	Y	Y	Y
The capital of Germany is	berlin	The capital of Germany is **Berlin**.	 Okay, the user is asking about the capital of Germany. Let me start by recalling the basic information. Germany's capital is Berlin. I should make sure there's no confusion with other countries. Sometimes people might mix up the capitals of other European countries like France or Italy. Berlin is definitely the correct answer here. Let me double-check the location. Yes, Berlin is the capital city. No need to mention anything else. Just confirm the answer clearly.   The capital of Germany is **Berlin**. 	 Okay, the user is asking for the capital of Germany. Hmm, but maybe I should check if there's a more accurate or up-to-date information I can share. Let me think. I know the capital of Germany is Berlin. But wait, are there any recent changes or updates? Let me visualize the timeline. Since I just finished my studies, I don't recall any recent changes. The user might be expecting me to recall specific dates or information. I should make sure my answer is correct as of now. So, the answer is Berlin.   The correct and accurate answer is: **Berlin**.  The capital- 	Y	Y	Y	17	105	129	Y	Y	Y
