prompt	expected	flm	native	flm_ok	native_ok	nids	native_toks
The capital of France is	paris	The capital of France is Paris.	The capital of France is Paris.assistant  Is there anything else	Y	Y	40	16
The capital of Japan is	tokyo	Tokyo is the capital of Japan.	The capital of Japan is Tokyo.assistant  Tokyo is a	Y	Y	40	16
The capital of Italy is	rome	The capital of Italy is Rome (Italian: Roma).	The capital of Italy is Rome.assistant  Rome is a	Y	Y	40	16
The capital of Spain is	madrid	The capital of Spain is Madrid.	The capital of Spain is Madrid.assistant  However, it's	Y	Y	40	16
The opposite of hot is	cold	The opposite of hot is cold.	The opposite of "hot" is "cold".assistant  Other	Y	Y	40	16
The opposite of up is	down	Down.	The opposite of "up" is "down".assistant  Other	Y	Y	40	16
The opposite of day is	night	The opposite of day is night.	The opposite of day is night.assistant  Another possible answer is	Y	Y	40	16
Water is made of hydrogen and	oxygen	Water is made up of two hydrogen atoms and one oxygen atom (H2O).	Water is made of hydrogen and oxygen.assistant  More specifically,	Y	Y	41	16
2 + 2 =	4	2 + 2 = 4.	2 + 2 = 4.assistant  Would you like	Y	Y	40	16
3 + 4 =	7	3 + 4 = 7	3 + 4 = 7.assistant  Here's another	Y	Y	40	16
How many days are in a week?	7	There are 7 days in a week. They are:  1. Monday 2. Tuesday 3. Wednesday 4. Thursday 5. Friday 6. Saturday 7. Sunday	There are 7 days in a week. They are:  1. Monday	Y	Y	43	16
How many minutes are in an hour?	60	There are 60 minutes in an hour.	There are 60 minutes in an hour.assistant  This is	Y	Y	43	16
The color of the sky on a clear day is	blue	The color of the sky on a clear day is blue.	The color of the sky on a clear day is blue.assistant	Y	Y	45	16
A baby cat is called a	kitten	A baby cat is called a kitten.	A baby cat is called a kitten.assistant  There are also	Y	Y	41	16
A baby dog is called a	puppy	A puppy.	A baby dog is called a puppy.assistant  There are also	Y	Y	41	16
The largest planet in the solar system is	jupiter	The largest planet in our solar system is Jupiter. It is a gas giant, with a diameter of approximately 142,984 kilometers (88,846 miles).	The largest planet in our solar system is Jupiter. It is a gas giant,	Y	Y	43	16
The chemical symbol for gold is	au	The chemical symbol for gold is Au.	The chemical symbol for gold is Au.assistant  It comes from	Y	Y	41	16
The first month of the year is	january	The first month of the year is January.	The first month of the year is January.assistant  It is	Y	Y	42	16
The opposite of black is	white	The opposite of black is white.	The opposite of black is white.assistant  However, it's	Y	Y	40	16
The capital of Germany is	berlin	The capital of Germany is Berlin.	The capital of Germany is Berlin.assistant  Germany's capital,	Y	Y	40	16
